sentence
"Under a tuft of jet- black hair over boy forehead Dumbledore and  McGonagall could see a curiously shaped cut, like a bolt of lightning."
` Is that where-?` whispered Professor  McGonagall.
"` Yes,` said  Dumbledore.`  Dumbledore'll have that scar forever.` ` Couldn't you do something about scar,  Dumbledore?` ` Even if I could, I wouldn't."
Scars can come in handy.
I have one myself above my left knee that is a perfect map of the London Underground.
"Well-- give  Dumbledore here,  Hagrid-- we'd better get this over with.`   Dumbledore took  Harry in  Harry arms and turned toward the   Mr. Dursley and   Mrs. Dursley and    Dudley Dursley' house."
"` Could I-- could I say good- bye to  Harry, sir?` asked  Hagrid."
"Harry bent  Harry great, shaggy head over  Harry and gave head what must have been a very scratchy, whiskery kiss."
"Then, suddenly,  Hagrid let out a howl like a wounded dog."
"` Shhh!` hissed Professor  McGonagall,` you'll wake the  Muggles!` ` S- s- sorry,` sobbed  Hagrid, taking out a large, spotted handkerchief and burying  Hagrid face in handkerchief.` But I c- c-can't stand handkerchief--  Lily an'  James dead-- an' poor little  Harry off ter live with  Muggles-` ` Yes, yes, handkerchief's all very sad, but get a grip on yourself,  Hagrid, or we'll be found,` Professor  McGonagall whispered, patting  Hagrid gingerly on the arm as  Dumbledore stepped over the low garden wall and walked to the front door."
"Dumbledore laid  Harry gently on the doorstep, took a letter out of  Dumbledore cloak, tucked letter inside  Harry's blankets, and then came back to the other two."
"For a full minute the three of two stood and looked at the little bundle;   Hagrid's shoulders shook, Professor  McGonagall blinked furiously, and the twinkling light that usually shone from  Dumbledore's eyes seemed to have gone out."
